5, 1
5, 2
5, 3
5, 4
6, 1
6, 2
6, 3
6, 5
7, 1
7, 3
7, 5
7, 6
8, 1
8, 3
8, 4
8, 5
9, 4
9, 5
9, 6
9, 7
10, 3
10, 4
10, 6
10, 7
11, 3
11, 4
11, 6
11, 9
12, 2
12, 5
12, 6
12, 8
13, 4
13, 6
13, 7
13, 11
14, 4
14, 5
14, 7
14, 12
15, 6
15, 7
15, 8
15, 12
16, 5
16, 7
16, 11
16, 14
17, 1
17, 4
17, 5
17, 11
18, 1
18, 4
18, 7
18, 10
19, 3
19, 4
19, 6
19, 8
20, 3
20, 4
20, 6
20, 15
21, 4
21, 8
21, 12
21, 15
22, 4
22, 5
22, 6
22, 14
23, 4
23, 6
23, 8
23, 12
24, 3
24, 6
24, 19
24, 20
25, 1
25, 4
25, 6
25, 12
26, 3
26, 11
26, 12
26, 14
27, 2
27, 3
27, 6
27, 17
28, 4
28, 8
28, 17
28, 25
29, 10
29, 12
29, 19
29, 26
30, 7
30, 8
30, 10
30, 17
31, 4
31, 11
31, 14
31, 17
32, 1
32, 2
32, 11
32, 12
33, 1
33, 6
33, 12
33, 27
34, 5
34, 8
34, 15
34, 26
35, 8
35, 10
35, 20
35, 24
36, 2
36, 3
36, 5
36, 21
37, 1
37, 8
37, 9
37, 14
38, 4
38, 12
38, 20
38, 23
39, 6
39, 13
39, 15
39, 20
40, 4
40, 5
40, 16
40, 24
41, 23
41, 28
41, 34
41, 39
42, 2
42, 6
42, 16
42, 40
43, 3
43, 14
43, 25
43, 39
44, 3
44, 4
44, 19
44, 39
45, 3
45, 5
45, 22
45, 41
46, 4
46, 17
46, 23
46, 28
47, 4
47, 9
47, 12
47, 29
48, 1
48, 4
48, 10
48, 13
49, 2
49, 4
49, 27
49, 48
50, 5
50, 7
50, 17
50, 24
51, 4
51, 5
51, 23
51, 36
52, 4
52, 17
52, 23
52, 33
53, 6
53, 16
53, 33
53, 44
54, 30
54, 34
54, 35
54, 51
55, 1
55, 2
55, 4
55, 15
56, 3
56, 11
56, 12
56, 19
57, 7
57, 11
57, 12
57, 27
58, 3
58, 16
58, 28
58, 57
59, 6
59, 14
59, 24
59, 57
60, 10
60, 16
60, 24
60, 48
61, 5
61, 10
61, 18
61, 40
62, 1
62, 6
62, 13
62, 19
63, 1
63, 5
63, 25
63, 37
64, 19
64, 36
64, 48
64, 60
65, 5
65, 13
65, 27
65, 51
66, 5
66, 14
66, 17
66, 51
67, 3
67, 4
67, 6
67, 11
68, 5
68, 25
68, 32
68, 39
69, 5
69, 8
69, 50
69, 62
70, 1
70, 5
70, 13
70, 57
71, 15
71, 16
71, 23
71, 36
72, 1
72, 28
72, 50
72, 68
73, 3
73, 27
73, 67
73, 71
74, 5
74, 6
74, 10
74, 50
75, 4
75, 5
75, 7
75, 48
76, 5
76, 17
76, 23
76, 64
77, 6
77, 12
77, 73
77, 74
78, 7
78, 24
78, 72
78, 73
79, 1
79, 4
79, 8
79, 73
80, 22
80, 30
80, 41
80, 57
81, 2
81, 4
81, 6
81, 11
82, 6
82, 7
82, 35
82, 50
83, 49
83, 50
83, 53
83, 73
84, 15
84, 40
84, 50
84, 63
85, 6
85, 38
85, 61
85, 77
86, 6
86, 17
86, 18
86, 58
87, 2
87, 27
87, 32
87, 36
88, 3
88, 13
88, 47
88, 82
89, 7
89, 12
89, 33
89, 76
90, 7
90, 8
90, 35
90, 49
91, 5
91, 11
91, 29
91, 46
92, 8
92, 11
92, 41
92, 48
93, 5
93, 20
93, 46
93, 47
94, 6
94, 54
94, 56
94, 63
95, 12
95, 19
95, 47
95, 49
96, 4
96, 11
96, 16
96, 37
97, 4
97, 9
97, 25
97, 37
98, 14
98, 24
98, 60
98, 87
99, 2
99, 8
99, 47
99, 73
100, 3
100, 9
100, 19
100, 37
101, 5
101, 12
101, 20
101, 70
102, 8
102, 14
102, 61
102, 73
103, 2
103, 7
103, 36
103, 84
104, 2
104, 6
104, 50
104, 87
105, 4
105, 5
105, 14
105, 62
106, 7
106, 10
106, 17
106, 95
107, 12
107, 30
107, 35
107, 97
108, 18
108, 28
108, 64
108, 68
109, 4
109, 10
109, 57
109, 71
110, 5
110, 6
110, 17
110, 25
111, 8
111, 11
111, 14
111, 17
112, 14
112, 25
112, 97
112, 111
113, 4
113, 15
113, 24
113, 49
114, 10
114, 55
114, 90
114, 92
115, 3
115, 17
115, 46
115, 92
116, 1
116, 33
116, 62
116, 98
117, 1
117, 4
117, 14
117, 53
118, 5
118, 10
118, 46
118, 100
119, 14
119, 15
119, 47
119, 110
120, 4
120, 34
120, 57
120, 62
121, 11
121, 56
121, 71
121, 85
122, 4
122, 6
122, 38
122, 71
123, 14
123, 37
123, 108
123, 117
124, 10
124, 12
124, 27
124, 57
125, 5
125, 33
125, 50
125, 72
126, 2
126, 8
126, 42
126, 117
127, 10
127, 14
127, 50
127, 91
128, 9
128, 58
128, 61
128, 84
129, 20
129, 55
129, 106
129, 113
130, 2
130, 8
130, 14
130, 117
131, 20
131, 22
131, 83
131, 101
132, 10
132, 24
132, 89
132, 118
133, 24
133, 50
133, 71
133, 118
134, 1
134, 8
134, 11
134, 84
135, 11
135, 41
135, 64
135, 102
136, 11
136, 21
136, 34
136, 87
137, 8
137, 32
137, 50
137, 119
138, 3
138, 16
138, 41
138, 79
139, 28
139, 51
139, 70
139, 124
140, 15
140, 24
140, 43
140, 75
141, 12
141, 46
141, 103
141, 125
142, 1
142, 6
142, 33
142, 66
143, 32
143, 51
143, 77
143, 116
144, 1
144, 6
144, 16
144, 23
145, 4
145, 10
145, 97
145, 139
146, 6
146, 13
146, 43
146, 49
147, 17
147, 33
147, 62
147, 114
148, 1
148, 4
148, 39
148, 72
149, 5
149, 14
149, 106
149, 110
150, 15
150, 68
150, 85
150, 141
151, 4
151, 25
151, 50
151, 145
152, 29
152, 48
152, 69
152, 125
153, 5
153, 25
153, 40
153, 82
154, 4
154, 91
154, 113
154, 139
155, 19
155, 71
155, 90
155, 154
156, 11
156, 25
156, 30
156, 75
157, 38
157, 51
157, 98
157, 125
158, 7
158, 13
158, 51
158, 122
159, 12
159, 57
159, 67
159, 97
160, 7
160, 48
160, 105
160, 153
161, 1
161, 9
161, 34
161, 42
162, 1
162, 11
162, 62
162, 127
163, 17
163, 50
163, 56
163, 61
164, 4
164, 7
164, 24
164, 32
165, 5
165, 14
165, 17
165, 155
166, 4
166, 5
166, 40
166, 140
167, 41
167, 107
167, 118
167, 138
168, 14
168, 30
168, 46
168, 87
169, 7
169, 37
169, 102
169, 136
170, 7
170, 77
170, 99
170, 136
171, 4
171, 11
171, 51
171, 168
172, 40
172, 79
172, 83
172, 141
173, 1
173, 17
173, 33
173, 38
174, 24
174, 78
174, 90
174, 130
175, 13
175, 27
175, 155
175, 172
176, 6
176, 40
176, 81
176, 110
177, 1
177, 5
177, 90
177, 151
178, 4
178, 11
178, 73
178, 117
179, 12
179, 30
179, 84
179, 129
180, 2
180, 15
180, 28
180, 73
181, 5
181, 22
181, 97
181, 103
182, 2
182, 6
182, 40
182, 169
183, 113
183, 125
183, 163
183, 179
184, 10
184, 14
184, 23
184, 124
185, 1
185, 2
185, 7
185, 113
186, 3
186, 8
186, 16
186, 63
187, 41
187, 64
187, 66
187, 129
188, 9
188, 61
188, 112
188, 146
189, 1
189, 2
189, 8
189, 140
190, 4
190, 8
190, 35
190, 115
191, 4
191, 14
191, 24
191, 33
192, 15
192, 29
192, 86
192, 167
193, 1
193, 3
193, 32
193, 106
194, 4
194, 10
194, 15
194, 124
195, 1
195, 25
195, 64
195, 163
196, 13
196, 14
196, 70
196, 189
197, 13
197, 30
197, 50
197, 191
198, 15
198, 70
198, 73
198, 121
199, 6
199, 48
199, 56
199, 174
200, 24
200, 85
200, 165
200, 179
201, 10
201, 92
201, 165
201, 177
202, 2
202, 19
202, 105
202, 125
203, 1
203, 88
203, 103
203, 190
204, 2
204, 7
204, 42
204, 145
205, 24
205, 39
205, 50
205, 74
206, 12
206, 84
206, 98
206, 132
207, 2
207, 4
207, 84
207, 186
208, 2
208, 9
208, 20
208, 89
209, 37
209, 57
209, 123
209, 143
210, 2
210, 78
210, 90
210, 99
211, 1
211, 33
211, 37
211, 118
212, 4
212, 6
212, 19
212, 32
213, 16
213, 50
213, 61
213, 157
214, 2
214, 6
214, 69
214, 99
215, 2
215, 37
215, 39
215, 139
216, 5
216, 14
216, 62
216, 135
217, 58
217, 72
217, 122
217, 182
218, 7
218, 58
218, 131
218, 186
219, 23
219, 36
219, 191
219, 199
220, 70
220, 174
220, 181
220, 209
221, 135
221, 167
221, 179
221, 205
222, 4
222, 62
222, 84
222, 196
223, 27
223, 30
223, 145
223, 154
224, 12
224, 15
224, 37
224, 185
225, 54
225, 61
225, 124
225, 223
226, 4
226, 90
226, 119
226, 135
227, 22
227, 138
227, 168
227, 211
228, 1
228, 19
228, 27
228, 90
229, 5
229, 87
229, 88
229, 94
230, 34
230, 50
230, 129
230, 177
231, 14
231, 33
231, 103
231, 166
232, 1
232, 34
232, 46
232, 227
233, 29
233, 30
233, 50
233, 142
234, 27
234, 124
234, 145
234, 189
235, 8
235, 14
235, 19
235, 82
236, 30
236, 32
236, 132
236, 203
237, 2
237, 6
237, 12
237, 84
238, 14
238, 25
238, 122
238, 166
239, 67
239, 103
239, 166
239, 186
240, 15
240, 135
240, 136
240, 145
241, 7
241, 106
241, 109
241, 178
242, 32
242, 137
242, 192
242, 226
243, 19
243, 117
243, 186
243, 237
244, 11
244, 32
244, 99
244, 137
245, 1
245, 128
245, 144
245, 186
246, 11
246, 14
246, 26
246, 119
247, 16
247, 32
247, 94
247, 149
248, 4
248, 17
248, 94
248, 196
249, 1
249, 3
249, 16
249, 20
250, 22
250, 25
250, 29
250, 49
251, 7
251, 11
251, 64
251, 100
252, 5
252, 73
252, 115
252, 237
253, 17
253, 47
253, 76
253, 197
254, 27
254, 128
254, 167
254, 245
255, 7
255, 9
255, 26
255, 104
256, 5
256, 66
256, 163
256, 254
257, 4
257, 5
257, 48
257, 248
258, 2
258, 4
258, 7
258, 182
259, 7
259, 8
259, 12
259, 16
260, 30
260, 38
260, 129
260, 182
261, 3
261, 92
261, 145
261, 167
262, 3
262, 4
262, 23
262, 30
263, 14
263, 17
263, 24
263, 80
264, 98
264, 120
264, 222
264, 247
265, 14
265, 20
265, 94
265, 145
266, 17
266, 126
266, 153
266, 204
267, 47
267, 145
267, 227
267, 242
268, 1
268, 4
268, 105
268, 106
269, 10
269, 25
269, 29
269, 177
270, 6
270, 9
270, 126
270, 266
271, 39
271, 51
271, 200
271, 240
272, 9
272, 61
272, 106
272, 119
273, 4
273, 10
273, 57
273, 136
274, 28
274, 32
274, 232
274, 264
275, 5
275, 17
275, 28
275, 274
276, 51
276, 57
276, 92
276, 256
277, 2
277, 6
277, 19
277, 140
278, 84
278, 164
278, 244
278, 271
279, 1
279, 27
279, 217
279, 268
280, 32
280, 76
280, 151
280, 253
281, 19
281, 98
281, 196
281, 202
282, 18
282, 135
282, 173
282, 240
283, 4
283, 12
283, 39
283, 174
284, 6
284, 36
284, 42
284, 90
285, 4
285, 7
285, 24
285, 58
286, 10
286, 17
286, 47
286, 153
287, 7
287, 78
287, 90
287, 170
288, 9
288, 28
288, 42
288, 152
289, 4
289, 24
289, 45
289, 194
290, 3
290, 30
290, 52
290, 251
291, 128
291, 188
291, 220
291, 260
292, 6
292, 113
292, 221
292, 253
293, 11
293, 13
293, 141
293, 189
294, 16
294, 144
294, 253
294, 275
295, 8
295, 17
295, 85
295, 211
296, 25
296, 30
296, 113
296, 213
297, 24
297, 66
297, 174
297, 291
298, 5
298, 26
298, 73
298, 100
299, 24
299, 34
299, 94
299, 185
300, 21
300, 33
300, 226
300, 252
301, 2
301, 6
301, 208
301, 248
302, 1
302, 49
302, 71
302, 75
303, 17
303, 33
303, 70
303, 97
304, 74
304, 82
304, 214
304, 269
305, 70
305, 124
305, 168
305, 196
306, 3
306, 17
306, 90
306, 279
307, 39
307, 73
307, 116
307, 299
308, 27
308, 56
308, 144
308, 295
309, 17
309, 23
309, 84
309, 290
310, 7
310, 33
310, 93
310, 97
311, 50
311, 110
311, 250
311, 282
312, 87
312, 96
312, 103
312, 111
313, 54
313, 59
313, 149
313, 245
314, 18
314, 43
314, 66
314, 77
315, 5
315, 16
315, 46
315, 237
316, 58
316, 210
316, 240
316, 251
317, 12
317, 139
317, 168
317, 284
318, 7
318, 12
318, 14
318, 38
319, 2
319, 5
319, 31
319, 263
320, 26
320, 68
320, 232
320, 268
321, 1
321, 25
321, 91
321, 122
322, 3
322, 6
322, 71
322, 275
323, 17
323, 143
323, 226
323, 236
324, 1
324, 165
324, 197
324, 248
325, 5
325, 139
325, 163
325, 318
326, 40
326, 68
326, 128
326, 235
327, 6
327, 191
327, 235
327, 324
328, 17
328, 123
328, 186
328, 220
329, 11
329, 73
329, 199
329, 248
330, 59
330, 86
330, 149
330, 303
331, 64
331, 66
331, 207
331, 214
332, 41
332, 57
332, 199
332, 211
333, 20
333, 78
333, 94
333, 153
334, 37
334, 174
334, 270
334, 271
335, 27
335, 28
335, 119
335, 298
336, 30
336, 145
336, 221
336, 298
337, 127
337, 144
337, 229
337, 272
338, 6
338, 62
338, 196
338, 233
339, 12
339, 131
339, 214
339, 296
340, 12
340, 30
340, 45
340, 323
341, 48
341, 102
341, 181
341, 340
342, 19
342, 33
342, 121
342, 307
343, 9
343, 15
343, 77
343, 300
344, 168
344, 179
344, 230
344, 292
345, 29
345, 41
345, 281
345, 283
346, 11
346, 20
346, 315
346, 337
347, 8
347, 19
347, 256
347, 286
348, 1
348, 8
348, 15
348, 117
349, 57
349, 99
349, 173
349, 245
350, 2
350, 6
350, 54
350, 75
351, 3
351, 6
351, 17
351, 229
352, 35
352, 57
352, 273
352, 339
353, 26
353, 137
353, 268
353, 286
354, 123
354, 130
354, 200
354, 329
355, 4
355, 53
355, 77
355, 224
356, 168
356, 184
356, 200
356, 294
357, 40
357, 50
357, 250
357, 253
358, 5
358, 10
358, 11
358, 136
359, 33
359, 70
359, 267
359, 289
360, 13
360, 57
360, 68
360, 278
361, 5
361, 8
361, 14
361, 352
362, 4
362, 17
362, 97
362, 108
363, 47
363, 107
363, 286
363, 356
364, 75
364, 84
364, 123
364, 345
365, 4
365, 8
365, 111
365, 272
366, 1
366, 12
366, 113
366, 217
367, 4
367, 7
367, 15
367, 32
368, 5
368, 7
368, 11
368, 230
369, 2
369, 42
369, 126
369, 155
370, 9
370, 75
370, 173
370, 284
371, 6
371, 53
371, 94
371, 145
372, 4
372, 39
372, 218
372, 295
373, 32
373, 99
373, 128
373, 363
374, 4
374, 54
374, 94
374, 300
375, 12
375, 33
375, 183
375, 186
376, 21
376, 70
376, 94
376, 193
377, 20
377, 26
377, 32
377, 203
378, 13
378, 90
378, 151
378, 373
379, 131
379, 147
379, 226
379, 295
380, 66
380, 150
380, 155
380, 209
381, 8
381, 56
381, 94
381, 152
382, 4
382, 8
382, 145
382, 191
383, 50
383, 159
383, 234
383, 245
384, 9
384, 34
384, 103
384, 363
385, 27
385, 92
385, 224
385, 254
386, 8
386, 47
386, 67
386, 76
387, 19
387, 30
387, 147
387, 222
388, 14
388, 29
388, 100
388, 349
389, 3
389, 4
389, 34
389, 242
390, 8
390, 27
390, 51
390, 187
391, 38
391, 89
391, 101
391, 326
392, 46
392, 139
392, 224
392, 270
393, 2
393, 50
393, 78
393, 306
394, 1
394, 7
394, 127
394, 319
395, 74
395, 159
395, 211
395, 336
396, 17
396, 95
396, 261
396, 333
397, 4
397, 5
397, 30
397, 122
398, 62
398, 86
398, 119
398, 182
399, 77
399, 145
399, 302
399, 391
400, 73
400, 81
400, 99
400, 253
401, 52
401, 84
401, 197
401, 367
402, 53
402, 77
402, 223
402, 354
403, 11
403, 41
403, 90
403, 178
404, 52
404, 87
404, 302
404, 343
405, 28
405, 33
405, 37
405, 330
406, 6
406, 39
406, 84
406, 290
407, 8
407, 32
407, 37
407, 100
408, 186
408, 230
408, 295
408, 325
409, 30
409, 96
409, 224
409, 326
410, 11
410, 41
410, 348
410, 354
411, 6
411, 22
411, 145
411, 315
412, 7
412, 91
412, 136
412, 391
413, 27
413, 38
413, 84
413, 184
414, 89
414, 136
414, 186
414, 213
415, 37
415, 68
415, 174
415, 316
416, 167
416, 249
416, 377
416, 391
417, 6
417, 8
417, 129
417, 331
418, 61
418, 161
418, 261
418, 286
419, 6
419, 82
419, 101
419, 119
420, 11
420, 24
420, 103
420, 117
421, 10
421, 39
421, 73
421, 405
422, 2
422, 6
422, 136
422, 350
423, 12
423, 168
423, 193
423, 416
424, 82
424, 194
424, 298
424, 361
425, 38
425, 75
425, 154
425, 424
426, 1
426, 91
426, 132
426, 209
427, 14
427, 34
427, 61
427, 144
428, 90
428, 106
428, 185
428, 295
429, 1
429, 10
429, 35
429, 246
430, 1
430, 55
430, 123
430, 242
431, 12
431, 119
431, 151
431, 273
432, 40
432, 164
432, 276
432, 285
433, 1
433, 167
433, 177
433, 202
434, 41
434, 63
434, 210
434, 238
435, 8
435, 79
435, 325
435, 424
436, 140
436, 251
436, 299
436, 336
437, 13
437, 50
437, 279
437, 354
438, 11
438, 26
438, 197
438, 260
439, 37
439, 49
439, 73
439, 305
440, 10
440, 97
440, 135
440, 334
441, 145
441, 203
441, 327
441, 365
442, 73
442, 75
442, 230
442, 253
443, 62
443, 76
443, 159
443, 375
444, 47
444, 50
444, 223
444, 410
445, 4
445, 15
445, 112
445, 123
446, 4
446, 6
446, 94
446, 115
447, 12
447, 17
447, 92
447, 428
448, 6
448, 73
448, 210
448, 363
449, 1
449, 4
449, 14
449, 150
450, 8
450, 177
450, 202
450, 233
451, 25
451, 37
451, 241
451, 375
452, 2
452, 3
452, 4
452, 17
453, 8
453, 10
453, 30
453, 77
454, 12
454, 14
454, 24
454, 112
455, 28
455, 89
455, 150
455, 196
456, 76
456, 103
456, 193
456, 393
457, 1
457, 49
457, 64
457, 270
458, 35
458, 91
458, 230
458, 295
459, 6
459, 12
459, 128
459, 438
460, 27
460, 45
460, 147
460, 219
461, 10
461, 20
461, 72
461, 165
462, 4
462, 77
462, 107
462, 240
463, 7
463, 167
463, 197
463, 460
464, 4
464, 79
464, 399
464, 446
465, 12
465, 22
465, 27
465, 97
466, 33
466, 41
466, 321
466, 322
467, 6
467, 15
467, 285
467, 343
468, 8
468, 90
468, 211
468, 348
469, 29
469, 122
469, 425
469, 434
470, 37
470, 92
470, 182
470, 202
471, 122
471, 176
471, 224
471, 275
472, 6
472, 50
472, 139
472, 191
473, 16
473, 44
473, 75
473, 344
474, 23
474, 74
474, 87
474, 453
475, 1
475, 9
475, 34
475, 335
476, 3
476, 5
476, 302
476, 427
477, 185
477, 226
477, 339
477, 395
478, 103
478, 395
478, 429
478, 447
479, 97
479, 132
479, 152
479, 352
480, 36
480, 126
480, 156
480, 318
481, 10
481, 37
481, 440
481, 447
482, 66
482, 288
482, 342
482, 409
483, 5
483, 9
483, 12
483, 407
484, 98
484, 104
484, 333
484, 469
485, 14
485, 153
485, 225
485, 306
486, 84
486, 123
486, 260
486, 305
487, 3
487, 140
487, 381
487, 384
488, 12
488, 293
488, 352
488, 401
489, 19
489, 90
489, 145
489, 315
490, 19
490, 110
490, 159
490, 167
491, 1
491, 7
491, 53
491, 384
492, 37
492, 300
492, 323
492, 465
493, 6
493, 28
493, 161
493, 230
494, 3
494, 37
494, 193
494, 380
495, 6
495, 221
495, 242
495, 409
496, 8
496, 136
496, 211
496, 395
497, 14
497, 38
497, 326
497, 342
498, 40
498, 102
498, 145
498, 471
499, 136
499, 191
499, 209
499, 256
500, 1
500, 10
500, 77
500, 295
501, 138
501, 168
501, 326
501, 347
502, 16
502, 31
502, 97
502, 130
503, 12
503, 62
503, 205
503, 363
504, 175
504, 281
504, 287
504, 384
505, 1
505, 26
505, 110
505, 111
506, 3
506, 103
506, 351
506, 426
507, 77
507, 287
507, 320
507, 396
508, 66
508, 197
508, 348
508, 492
509, 57
509, 230
509, 315
509, 428
510, 50
510, 63
510, 65
510, 69
511, 2
511, 14
511, 153
511, 249
512, 23
512, 277
512, 339
512, 494
513, 18
513, 144
513, 339
513, 427
514, 32
514, 70
514, 106
514, 447
515, 1
515, 12
515, 14
515, 105
516, 11
516, 30
516, 224
516, 292
517, 10
517, 12
517, 54
517, 357
518, 4
518, 11
518, 17
518, 283
519, 1
519, 16
519, 101
519, 318
520, 32
520, 69
520, 85
520, 278
521, 3
521, 6
521, 413
521, 435
522, 24
522, 63
522, 117
522, 153
523, 30
523, 60
523, 484
523, 502
524, 16
524, 185
524, 277
524, 476
525, 78
525, 100
525, 177
525, 202
526, 20
526, 46
526, 73
526, 238
527, 12
527, 13
527, 119
527, 278
528, 27
528, 28
528, 453
528, 454
529, 14
529, 193
529, 207
529, 495
530, 80
530, 127
530, 163
530, 187
531, 17
531, 29
531, 335
531, 448
532, 55
532, 220
532, 348
532, 457
533, 36
533, 37
533, 94
533, 113
534, 30
534, 91
534, 98
534, 528
535, 20
535, 50
535, 326
535, 514
536, 24
536, 53
536, 139
536, 488
537, 3
537, 50
537, 92
537, 315
538, 1
538, 20
538, 238
538, 470
539, 11
539, 33
539, 49
539, 51
540, 63
540, 303
540, 350
540, 516
541, 8
541, 223
541, 272
541, 489
542, 46
542, 226
542, 440
542, 528
543, 3
543, 128
543, 337
543, 413
544, 145
544, 161
544, 342
544, 497
545, 54
545, 247
545, 336
545, 480
546, 91
546, 197
546, 329
546, 530
547, 36
547, 182
547, 223
547, 402
548, 26
548, 127
548, 169
548, 335
549, 51
549, 107
549, 239
549, 372
550, 50
550, 130
550, 396
550, 484
551, 7
551, 24
551, 411
551, 449
552, 25
552, 50
552, 118
552, 333
553, 73
553, 82
553, 304
553, 390
554, 37
554, 42
554, 157
554, 551
555, 61
555, 120
555, 282
555, 521
556, 7
556, 35
556, 123
556, 338
557, 57
557, 145
557, 245
557, 344
558, 339
558, 382
558, 383
558, 392
559, 6
559, 25
559, 57
559, 245
560, 22
560, 177
560, 263
560, 513
561, 259
561, 335
561, 359
561, 518
562, 35
562, 39
562, 182
562, 329
563, 4
563, 98
563, 323
563, 556
564, 13
564, 47
564, 59
564, 432
565, 81
565, 427
565, 453
565, 545
566, 5
566, 81
566, 279
566, 382
567, 106
567, 127
567, 239
567, 305
568, 1
568, 344
568, 424
568, 464
569, 1
569, 5
569, 21
569, 139
570, 5
570, 33
570, 53
570, 442
571, 1
571, 12
571, 230
571, 348
572, 139
572, 200
572, 223
572, 464
573, 9
573, 194
573, 354
573, 480
574, 10
574, 15
574, 122
574, 455
575, 16
575, 94
575, 246
575, 551
576, 4
576, 19
576, 324
576, 469
577, 233
577, 461
577, 482
577, 554
578, 37
578, 100
578, 117
578, 197
579, 16
579, 274
579, 353
579, 533
580, 4
580, 264
580, 281
580, 509
581, 37
581, 99
581, 333
581, 350
582, 25
582, 129
582, 244
582, 331
583, 56
583, 94
583, 351
583, 538
584, 129
584, 183
584, 187
584, 194
585, 42
585, 343
585, 382
585, 478
586, 25
586, 74
586, 162
586, 578
587, 5
587, 155
587, 402
587, 475
588, 1
588, 4
588, 138
588, 210
589, 98
589, 335
589, 492
589, 504
590, 4
590, 33
590, 348
590, 418
591, 178
591, 251
591, 276
591, 528
592, 5
592, 165
592, 234
592, 407
593, 11
593, 12
593, 29
593, 299
594, 8
594, 90
594, 175
594, 406
595, 120
595, 259
595, 412
595, 433
596, 29
596, 103
596, 291
596, 572
597, 20
597, 32
597, 84
597, 347
598, 194
598, 217
598, 329
598, 413
599, 8
599, 82
599, 91
599, 165
600, 6
600, 65
600, 337
600, 411
601, 61
601, 82
601, 352
601, 543
602, 6
602, 21
602, 95
602, 329
603, 76
603, 408
603, 413
603, 533
604, 1
604, 3
604, 10
604, 413
605, 353
605, 407
605, 452
605, 465
606, 12
606, 32
606, 445
606, 575
607, 3
607, 56
607, 91
607, 391
608, 30
608, 188
608, 245
608, 435
609, 154
609, 300
609, 364
609, 521
610, 6
610, 316
610, 371
610, 540
611, 4
611, 98
611, 225
611, 459
612, 69
612, 84
612, 159
612, 216
613, 1
613, 197
613, 245
613, 315
614, 31
614, 50
614, 238
614, 478
615, 94
615, 136
615, 340
615, 363
616, 52
616, 70
616, 484
616, 591
617, 178
617, 179
617, 305
617, 563
618, 5
618, 321
618, 413
618, 450
619, 27
619, 321
619, 374
619, 583
620, 12
620, 144
620, 163
620, 502
621, 108
621, 273
621, 487
621, 595
622, 33
622, 46
622, 72
622, 489
623, 12
623, 211
623, 230
623, 406
624, 16
624, 127
624, 216
624, 463
625, 50
625, 62
625, 66
625, 374
626, 11
626, 13
626, 48
626, 349
627, 191
627, 340
627, 435
627, 572
628, 12
628, 105
628, 112
628, 273
629, 26
629, 268
629, 335
629, 454
630, 20
630, 33
630, 194
630, 248
631, 260
631, 337
631, 457
631, 481
632, 122
632, 132
632, 135
632, 211
633, 99
633, 205
633, 440
633, 576
634, 7
634, 32
634, 135
634, 179
635, 10
635, 94
635, 256
635, 425
636, 30
636, 50
636, 401
636, 618
637, 4
637, 50
637, 287
637, 486
638, 55
638, 86
638, 332
638, 527
639, 11
639, 384
639, 500
639, 608
640, 22
640, 324
640, 399
640, 564
641, 14
641, 20
641, 195
641, 218
642, 11
642, 139
642, 209
642, 350
643, 27
643, 185
643, 296
643, 352
644, 220
644, 274
644, 284
644, 375
645, 3
645, 58
645, 417
645, 475
646, 12
646, 94
646, 391
646, 597
647, 33
647, 117
647, 217
647, 418
648, 12
648, 85
648, 205
648, 233
649, 3
649, 33
649, 157
649, 464
650, 8
650, 115
650, 418
650, 500
651, 20
651, 212
651, 378
651, 544
652, 14
652, 28
652, 158
652, 276
653, 49
653, 155
653, 173
653, 241
654, 3
654, 17
654, 33
654, 81
655, 85
655, 90
655, 179
655, 584
656, 50
656, 51
656, 202
656, 230
657, 38
657, 244
657, 500
657, 547
658, 30
658, 74
658, 105
658, 284
659, 20
659, 115
659, 439
659, 631
660, 103
660, 496
660, 500
660, 555
661, 70
661, 113
661, 119
661, 174
662, 30
662, 262
662, 316
662, 418
663, 10
663, 27
663, 135
663, 597
664, 42
664, 51
664, 175
664, 554
665, 25
665, 150
665, 291
665, 435
666, 32
666, 90
666, 220
666, 347
667, 174
667, 376
667, 449
667, 502
668, 17
668, 32
668, 520
668, 573
669, 5
669, 24
669, 411
669, 576
670, 24
670, 52
670, 208
670, 366
671, 23
671, 241
671, 412
671, 618
672, 137
672, 420
672, 517
672, 560
673, 12
673, 16
673, 50
673, 622
674, 30
674, 82
674, 283
674, 568
675, 16
675, 20
675, 26
675, 369
676, 1
676, 6
676, 12
676, 33
677, 336
677, 403
677, 430
677, 436
678, 19
678, 169
678, 202
678, 392
679, 2
679, 113
679, 194
679, 336
680, 66
680, 154
680, 168
680, 435
681, 246
681, 333
681, 536
681, 597
682, 13
682, 37
682, 144
682, 233
683, 25
683, 47
683, 152
683, 250
684, 41
684, 286
684, 428
684, 462
685, 30
685, 84
685, 484
685, 578
686, 361
686, 369
686, 438
686, 514
687, 21
687, 76
687, 96
687, 284
688, 99
688, 113
688, 192
688, 410
689, 16
689, 57
689, 286
689, 418
690, 404
690, 483
690, 671
690, 686
691, 321
691, 328
691, 333
691, 343
692, 32
692, 97
692, 599
692, 609
693, 58
693, 289
693, 305
693, 539
694, 10
694, 169
694, 318
694, 599
695, 12
695, 128
695, 185
695, 438
696, 11
696, 15
696, 32
696, 354
697, 9
697, 33
697, 165
697, 285
698, 219
698, 237
698, 350
698, 542
699, 6
699, 94
699, 306
699, 422
700, 333
700, 442
700, 473
700, 527
701, 43
701, 98
701, 165
701, 557
702, 14
702, 50
702, 112
702, 541
703, 1
703, 27
703, 103
703, 354
704, 43
704, 51
704, 108
704, 147
705, 2
705, 6
705, 73
705, 604
706, 6
706, 37
706, 168
706, 245
707, 72
707, 223
707, 330
707, 335
708, 82
708, 205
708, 536
708, 682
709, 50
709, 269
709, 484
709, 526
710, 17
710, 126
710, 191
710, 603
711, 9
711, 141
711, 233
711, 354
712, 5
712, 11
712, 18
712, 87
713, 98
713, 221
713, 358
713, 649
714, 1
714, 4
714, 17
714, 68
715, 7
715, 76
715, 84
715, 564
716, 119
716, 220
716, 260
716, 683
717, 14
717, 167
717, 197
717, 263
718, 6
718, 266
718, 394
718, 601
719, 46
719, 84
719, 371
719, 479
720, 126
720, 211
720, 340
720, 664
721, 62
721, 73
721, 84
721, 387
722, 7
722, 56
722, 221
722, 463
723, 6
723, 20
723, 46
723, 609
724, 5
724, 317
724, 348
724, 375
725, 4
725, 50
725, 474
725, 682
726, 190
726, 276
726, 287
726, 361
727, 76
727, 103
727, 106
727, 509
728, 64
728, 100
728, 186
728, 226
729, 50
729, 434
729, 477
729, 622
730, 5
730, 71
730, 140
730, 321
731, 18
731, 35
731, 414
731, 489
732, 25
732, 219
732, 313
732, 676
733, 15
733, 216
733, 484
733, 603
734, 12
734, 202
734, 253
734, 435
735, 3
735, 24
735, 156
735, 253
736, 113
736, 196
736, 506
736, 532
737, 62
737, 98
737, 168
737, 676
738, 25
738, 128
738, 611
738, 691
739, 102
739, 184
739, 270
739, 454
740, 1
740, 26
740, 354
740, 470
741, 76
741, 122
741, 361
741, 559
742, 32
742, 33
742, 159
742, 391
743, 26
743, 279
743, 354
743, 660
744, 30
744, 132
744, 179
744, 324
745, 3
745, 42
745, 212
745, 513
746, 19
746, 51
746, 54
746, 407
747, 33
747, 47
747, 479
747, 599
748, 2
748, 123
748, 161
748, 260
749, 24
749, 84
749, 128
749, 667
750, 6
750, 117
750, 547
750, 615
751, 5
751, 57
751, 150
751, 461
752, 23
752, 82
752, 94
752, 223
753, 5
753, 33
753, 178
753, 596
754, 85
754, 186
754, 192
754, 727
755, 4
755, 24
755, 75
755, 478
756, 11
756, 112
756, 123
756, 124
757, 8
757, 42
757, 435
757, 704
758, 20
758, 23
758, 45
758, 193
759, 2
759, 12
759, 298
759, 731
760, 101
760, 190
760, 196
760, 286
761, 246
761, 364
761, 439
761, 474
762, 139
762, 166
762, 178
762, 480
763, 5
763, 75
763, 204
763, 237
764, 19
764, 28
764, 274
764, 409
765, 4
765, 108
765, 656
765, 714
766, 136
766, 247
766, 533
766, 729
767, 348
767, 406
767, 517
767, 733
768, 7
768, 14
768, 270
768, 407
769, 11
769, 65
769, 140
769, 329
770, 17
770, 235
770, 399
770, 480
771, 28
771, 53
771, 499
771, 580
772, 4
772, 510
772, 526
772, 585
773, 51
773, 126
773, 242
773, 415
774, 109
774, 185
774, 373
774, 674
775, 27
775, 155
775, 430
775, 451
776, 20
776, 75
776, 191
776, 330
777, 441
777, 652
777, 667
777, 670
778, 4
778, 10
778, 197
778, 392
779, 127
779, 422
779, 473
779, 652
780, 76
780, 601
780, 608
780, 733
781, 63
781, 91
781, 190
781, 682
782, 337
782, 594
782, 747
782, 774
783, 5
783, 107
783, 118
783, 403
784, 112
784, 126
784, 325
784, 564
785, 6
785, 7
785, 66
785, 384
786, 48
786, 106
786, 110
786, 499
787, 30
787, 203
787, 245
787, 421
788, 12
788, 161
788, 351
788, 778
789, 9
789, 375
789, 423
789, 609
790, 3
790, 94
790, 449
790, 609
791, 62
791, 77
791, 100
791, 440
792, 23
792, 69
792, 84
792, 226
793, 31
793, 51
793, 260
793, 538
794, 1
794, 284
794, 538
794, 571
795, 8
795, 159
795, 250
795, 394
796, 105
796, 119
796, 189
796, 507
797, 502
797, 627
797, 722
797, 761
798, 52
798, 307
798, 570
798, 623
799, 197
799, 238
799, 406
799, 533
800, 1
800, 2
800, 30
800, 168
801, 30
801, 167
801, 245
801, 303
802, 152
802, 484
802, 489
802, 698
803, 23
803, 129
803, 259
803, 303
804, 7
804, 11
804, 12
804, 15
805, 1
805, 14
805, 633
805, 778
806, 170
806, 262
806, 569
806, 796
807, 2
807, 19
807, 53
807, 167
808, 32
808, 94
808, 227
808, 264
809, 30
809, 202
809, 279
809, 584
810, 29
810, 124
810, 138
810, 310
811, 32
811, 91
811, 245
811, 672
812, 20
812, 33
812, 641
812, 720
813, 6
813, 11
813, 35
813, 223
814, 4
814, 17
814, 467
814, 564
815, 129
815, 502
815, 660
815, 719
816, 17
816, 139
816, 142
816, 531
817, 11
817, 72
817, 409
817, 554
818, 7
818, 62
818, 254
818, 622
819, 2
819, 290
819, 681
819, 810
820, 9
820, 11
820, 183
820, 465
821, 6
821, 286
821, 534
821, 795
822, 81
822, 156
822, 173
822, 710
823, 103
823, 371
823, 581
823, 676
824, 23
824, 132
824, 407
824, 715
825, 362
825, 394
825, 442
825, 697
826, 16
826, 323
826, 527
826, 727
827, 366
827, 453
827, 737
827, 769
828, 3
828, 129
828, 801
828, 805
829, 85
829, 122
829, 408
829, 778
830, 207
830, 320
830, 572
830, 597
831, 92
831, 195
831, 209
831, 328
832, 1
832, 80
832, 464
832, 655
833, 26
833, 112
833, 345
833, 727
834, 5
834, 77
834, 189
834, 447
835, 41
835, 149
835, 211
835, 805
836, 2
836, 163
836, 173
836, 583
837, 24
837, 35
837, 90
837, 269
838, 24
838, 134
838, 501
838, 621
839, 42
839, 89
839, 311
839, 761
840, 38
840, 193
840, 201
840, 788
841, 5
841, 98
841, 159
841, 725
842, 123
842, 606
842, 674
842, 693
843, 27
843, 509
843, 710
843, 821
844, 17
844, 105
844, 154
844, 413
845, 38
845, 223
845, 526
845, 647
846, 153
846, 247
846, 273
846, 747
847, 14
847, 25
847, 136
847, 278
848, 177
848, 186
848, 226
848, 253
849, 32
849, 352
849, 473
849, 819
850, 7
850, 56
850, 64
850, 347
851, 3
851, 72
851, 140
851, 419
852, 4
852, 71
852, 139
852, 664
853, 145
853, 443
853, 484
853, 810
854, 184
854, 287
854, 628
854, 670
855, 5
855, 151
855, 161
855, 487
856, 176
856, 526
856, 550
856, 819
857, 34
857, 36
857, 46
857, 810
858, 6
858, 69
858, 123
858, 354
859, 58
859, 175
859, 273
859, 628
860, 21
860, 203
860, 229
860, 615
861, 225
861, 312
861, 495
861, 841
862, 1
862, 72
862, 168
862, 547
863, 5
863, 62
863, 77
863, 646
864, 15
864, 327
864, 370
864, 555
865, 56
865, 227
865, 483
865, 550
866, 4
866, 11
866, 119
866, 279
867, 19
867, 64
867, 243
867, 302
868, 97
868, 221
868, 270
868, 577
869, 5
869, 8
869, 91
869, 857
870, 173
870, 185
870, 534
870, 562
871, 26
871, 91
871, 399
871, 606
872, 10
872, 106
872, 107
872, 802
873, 18
873, 371
873, 694
873, 855
874, 225
874, 264
874, 337
874, 486
875, 12
875, 13
875, 41
875, 436
876, 2
876, 8
876, 201
876, 674
877, 19
877, 76
877, 256
877, 542
878, 39
878, 126
878, 328
878, 685
879, 123
879, 136
879, 440
879, 800
880, 50
880, 164
880, 443
880, 766
881, 15
881, 83
881, 137
881, 377
882, 15
882, 42
882, 194
882, 810
883, 5
883, 323
883, 353
883, 521
884, 93
884, 344
884, 796
884, 818
885, 85
885, 322
885, 642
885, 843
886, 80
886, 268
886, 598
886, 703
887, 103
887, 305
887, 364
887, 591
888, 33
888, 112
888, 177
888, 260
889, 6
889, 326
889, 347
889, 858
890, 6
890, 88
890, 299
890, 399
891, 5
891, 278
891, 394
891, 862
892, 16
892, 220
892, 231
892, 331
893, 90
893, 95
893, 103
893, 523
894, 211
894, 284
894, 439
894, 602
895, 33
895, 51
895, 242
895, 889
896, 57
896, 331
896, 371
896, 781
897, 16
897, 32
897, 108
897, 223
898, 4
898, 67
898, 108
898, 182
899, 1
899, 74
899, 748
899, 831
900, 10
900, 135
900, 173
900, 444
901, 6
901, 309
901, 603
901, 852
902, 152
902, 477
902, 539
902, 853
903, 76
903, 294
903, 319
903, 384
904, 33
904, 38
904, 684
904, 691
905, 7
905, 359
905, 572
905, 856
906, 4
906, 28
906, 113
906, 903
907, 52
907, 315
907, 318
907, 668
908, 10
908, 63
908, 128
908, 803
909, 151
909, 227
909, 427
909, 484
910, 23
910, 30
910, 555
910, 743
911, 30
911, 227
911, 247
911, 604
912, 227
912, 274
912, 652
912, 763
913, 98
913, 328
913, 346
913, 555
914, 138
914, 249
914, 278
914, 561
915, 4
915, 16
915, 655
915, 832
916, 52
916, 138
916, 283
916, 765
917, 50
917, 73
917, 84
917, 90
918, 62
918, 126
918, 506
918, 587
919, 2
919, 94
919, 191
919, 267
920, 53
920, 268
920, 299
920, 533
921, 278
921, 288
921, 756
921, 915
922, 13
922, 190
922, 484
922, 684
923, 11
923, 32
923, 352
923, 412
924, 12
924, 21
924, 110
924, 440
925, 8
925, 67
925, 129
925, 600
926, 37
926, 73
926, 452
926, 494
927, 34
927, 73
927, 201
927, 618
928, 106
928, 189
928, 551
928, 644
929, 131
929, 275
929, 498
929, 676
930, 391
930, 448
930, 458
930, 911
931, 14
931, 24
931, 33
931, 240
932, 126
932, 167
932, 284
932, 825
933, 141
933, 197
933, 674
933, 833
934, 113
934, 295
934, 344
934, 348
935, 103
935, 167
935, 270
935, 615
936, 228
936, 419
936, 484
936, 695
937, 11
937, 115
937, 288
937, 683
938, 25
938, 84
938, 197
938, 573
939, 10
939, 691
939, 786
939, 914
940, 11
940, 13
940, 84
940, 88
941, 3
941, 66
941, 177
941, 751
942, 10
942, 30
942, 84
942, 737
943, 3
943, 36
943, 132
943, 595
944, 5
944, 32
944, 193
944, 566
945, 5
945, 133
945, 153
945, 369
946, 34
946, 117
946, 539
946, 666
947, 121
947, 604
947, 641
947, 692
948, 371
948, 681
948, 870
948, 885
949, 19
949, 127
949, 438
949, 457
950, 4
950, 50
950, 144
950, 494
951, 77
951, 120
951, 341
951, 522
952, 8
952, 359
952, 439
952, 567
953, 2
953, 7
953, 186
953, 465
954, 63
954, 85
954, 289
954, 934
955, 2
955, 8
955, 383
955, 742
956, 5
956, 12
956, 130
956, 159
957, 67
957, 341
957, 621
957, 624
958, 31
958, 110
958, 480
958, 723
959, 112
959, 115
959, 175
959, 289
960, 2
960, 36
960, 207
960, 846
961, 5
961, 40
961, 100
961, 473
962, 26
962, 114
962, 226
962, 443
963, 32
963, 38
963, 361
963, 483
964, 23
964, 57
964, 219
964, 954
965, 4
965, 33
965, 251
965, 523
966, 91
966, 227
966, 289
966, 547
967, 78
967, 471
967, 618
967, 730
968, 8
968, 19
968, 25
968, 160
969, 80
969, 371
969, 690
969, 856
970, 99
970, 296
970, 801
970, 824
971, 96
971, 123
971, 390
971, 697
972, 68
972, 82
972, 390
972, 799
973, 54
973, 59
973, 117
973, 468
974, 119
974, 198
974, 484
974, 959
975, 18
975, 246
975, 418
975, 501
976, 293
976, 395
976, 440
976, 922
977, 185
977, 203
977, 320
977, 438
978, 33
978, 75
978, 139
978, 382
979, 98
979, 356
979, 436
979, 825
980, 55
980, 348
980, 438
980, 580
981, 83
981, 143
981, 731
981, 770
982, 16
982, 138
982, 202
982, 896
983, 105
983, 663
983, 819
983, 917
984, 50
984, 196
984, 588
984, 902
985, 73
985, 165
985, 262
985, 545
986, 1
986, 408
986, 495
986, 707
987, 5
987, 159
987, 280
987, 382
988, 53
988, 97
988, 686
988, 743
989, 9
989, 77
989, 145
989, 914
990, 256
990, 391
990, 409
990, 649
991, 37
991, 38
991, 106
991, 950
992, 7
992, 626
992, 937
992, 982
993, 115
993, 288
993, 323
993, 542
994, 81
994, 328
994, 909
994, 989
995, 8
995, 122
995, 171
995, 228
996, 11
996, 12
996, 48
996, 94
997, 197
997, 346
997, 496
997, 733
998, 9
998, 124
998, 321
998, 411
999, 35
999, 110
999, 132
999, 697
1000, 328
1000, 334
1000, 456
1000, 704
